{
  "epoch_number": 12,
  "start_time": 1756291319.127427,
  "end_time": 1756291552.913363,
  "phase_timings": {
    "initialization": 1756291319.127445,
    "attack_execution": 1756291319.1463604,
    "monitoring_accumulation": 1756291326.1445603,
    "agent_analysis": 1756291376.1451848,
    "firewall_update_wait": 1756291550.897393,
    "metrics_collection": 1756291552.898176,
    "epoch_complete": 1756291552.912545
  },
  "services_detected": [
    "UNKNOWN(172.20.0.4:61616)",
    "PATROL-SNMP(172.20.0.4:8161)"
  ],
  "services_successfully_exploited": [],
  "exploits_attempted": [],
  "flags_captured": [],
  "attack_success_rate": 0.0,
  "firewall_rules_added": [
    {
      "rules_added_current_epoch": "ALLOW 192.168.100.0/24 -> 172.20.0.10:80 (tcp)"
    },
    {
      "rules_added_current_epoch": "ALLOW 172.20.0.10 -> 192.168.100.0/24 (tcp)"
    }
  ],
  "firewall_rules_removed": [
    {
      "rules_removed_current_epoch": [
        "REMOVED rule #1:    ACCEPT     tcp  --  172.20.0.4           192.168.100.0/24",
        "REMOVED rule #2:    ACCEPT     tcp  --  192.168.100.0/24     172.20.0.4           tcp dpt:8161",
        "REMOVED rule #3:    ACCEPT     tcp  --  192.168.100.0/24     172.20.0.4           tcp dpt:61616"
      ]
    }
  ],
  "honeypots_exposed": {
    "ip": "172.20.0.10",
    "service": "cve-2021-22205-gitlab-1-proxy",
    "current_level": 0,
    "epoch": 12
  },
  "honeypots_exploitation": {},
  "inferred_attack_graph": {},
  "service_epoch_context": [],
  "lockdown_activated": false
}